Workbook

Sheet Data
A1: Rank | B1: Name | C1: Platform | D1: Year | E1: Genre | F1: Publisher | G1: Q1 | H1: Q2 | I1: Q3 | J1: Q4 | K1: Total Sales | L1: Discount % | M1: Total Discount | N1: Admin Cost % | O1: Admin Cost | P1: Net Total
A2: 1 | B2: Wii Sports | C2: Wii | D2: 2006 | E2: Sports | F2: Nintendo | G2: 29.02 | H2: 3.77 | I2: 8.46 | J2: 82.74 | K2: =SUM(G2:J2) -> 123.99 | L2: =IF(K2>20,10%,5%) -> 0.1 | M2: =K2*L2 -> 12.399 | N2: =LOOKUP(K2,Lookup!$A$2:$A$5,Lookup!$B$2:$B$5) -> 0.02 | O2: =K2*N2 -> 2.4798 | P2: =K2-M2+O2 -> 114.0708
A3: 2 | B3: Super Mario Bros. | C3: NES | D3: 1985 | E3: Platform | F3: Nintendo | G3: 3.58 | H3: 6.81 | I3: 0.77 | J3: 40.24 | K3: =SUM(G3:J3) -> 51.4 | L3: =IF(K3>20,10%,5%) -> 0.1 | M3: =K3*L3 -> 5.14 | N3: =LOOKUP(K3,Lookup!$A$2:$A$5,Lookup!$B$2:$B$5) -> 0.05 | O3: =K3*N3 -> 2.57 | P3: =K3-M3+O3 -> 48.83
A4: 3 | B4: Mario Kart Wii | C4: Wii | D4: 2008 | E4: Racing | F4: Nintendo | G4: 12.88 | H4: 3.79 | I4: 3.31 | J4: 35.82 | K4: =SUM(G4:J4) -> 55.8 | L4: =IF(K4>20,10%,5%) -> 0.1 | M4: =K4*L4 -> 5.58 | N4: =LOOKUP(K4,Lookup!$A$2:$A$5,Lookup!$B$2:$B$5) -> 0.05 | O4: =K4*N4 -> 2.79 | P4: =K4-M4+O4 -> 53.01
A5: 4 | B5: Wii Sports Resort | C5: Wii | D5: 2009 | E5: Sports | F5: Nintendo | G5: 11.01 | H5: 3.28 | I5: 2.96 | J5: 33 | K5: =SUM(G5:J5) -> 50.25 | L5: =IF(K5>20,10%,5%) -> 0.1 | M5: =K5*L5 -> 5.025 | N5: =LOOKUP(K5,Lookup!$A$2:$A$5,Lookup!$B$2:$B$5) -> 0.05 | O5: =K5*N5 -> 2.5125 | P5: =K5-M5+O5 -> 47.7375
A6: 5 | B6: Pokemon Red/Pokemon Blue | C6: GB | D6: 1996 | E6: Role-Playing | F6: Nintendo | G6: 8.89 | H6: 10.22 | I6: 1 | J6: 31.37 | K6: =SUM(G6:J6) -> 51.48 | L6: =IF(K6>20,10%,5%) -> 0.1 | M6: =K6*L6 -> 5.148 | N6: =LOOKUP(K6,Lookup!$A$2:$A$5,Lookup!$B$2:$B$5) -> 0.05 | O6: =K6*N6 -> 2.574 | P6: =K6-M6+O6 -> 48.906
A7: 6 | B7: Tetris | C7: GB | D7: 1989 | E7: Puzzle | F7: Nintendo | G7: 2.26 | H7: 4.22 | I7: 0.58 | J7: 30.26 | K7: =SUM(G7:J7) -> 37.32 | L7: =IF(K7>20,10%,5%) -> 0.1 | M7: =K7*L7 -> 3.732 | N7: =LOOKUP(K7,Lookup!$A$2:$A$5,Lookup!$B$2:$B$5) -> 0.08 | O7: =K7*N7 -> 2.9856 | P7: =K7-M7+O7 -> 36.5736
A8: 7 | B8: New Super Mario Bros. | C8: DS | D8: 2006 | E8: Platform | F8: Nintendo | G8: 9.23 | H8: 6.5 | I8: 2.9 | J8: 30.01 | K8: =SUM(G8:J8) -> 48.64 | L8: =IF(K8>20,10%,5%) -> 0.1 | M8: =K8*L8 -> 4.864 | N8: =LOOKUP(K8,Lookup!$A$2:$A$5,Lookup!$B$2:$B$5) -> 0.08 | O8: =K8*N8 -> 3.8912 | P8: =K8-M8+O8 -> 47.6672
A9: 8 | B9: Wii Play | C9: Wii | D9: 2006 | E9: Misc | F9: Nintendo | G9: 9.2 | H9: 2.93 | I9: 2.85 | J9: 29.02 | K9: =SUM(G9:J9) -> 44 | L9: =IF(K9>20,10%,5%) -> 0.1 | M9: =K9*L9 -> 4.4 | N9: =LOOKUP(K9,Lookup!$A$2:$A$5,Lookup!$B$2:$B$5) -> 0.08 | O9: =K9*N9 -> 3.52 | P9: =K9-M9+O9 -> 43.12
A10: 9 | B10: New Super Mario Bros. Wii | C10: Wii | D10: 2009 | E10: Platform | F10: Nintendo | G10: 7.06 | H10: 4.7 | I10: 2.26 | J10: 28.62 | K10: =SUM(G10:J10) -> 42.64 | L10: =IF(K10>20,10%,5%) -> 0.1 | M10: =K10*L10 -> 4.264 | N10: =LOOKUP(K10,Lookup!$A$2:$A$5,Lookup!$B$2:$B$5) -> 0.08 | O10: =K10*N10 -> 3.4112 | P10: =K10-M10+O10 -> 41.7872
A11: 10 | B11: Duck Hunt | C11: NES | D11: 1984 | E11: Shooter | F11: Nintendo | G11: 0.63 | H11: 0.28 | I11: 0.47 | J11: 28.31 | K11: =SUM(G11:J11) -> 29.69 | L11: =IF(K11>20,10%,5%) -> 0.1 | M11: =K11*L11 -> 2.969 | N11: =LOOKUP(K11,Lookup!$A$2:$A$5,Lookup!$B$2:$B$5) -> 0.08 | O11: =K11*N11 -> 2.3752 | P11: =K11-M11+O11 -> 29.0962
A12: 11 | B12: Nintendogs | C12: DS | D12: 2005 | E12: Simulation | F12: Nintendo | G12: 11 | H12: 1.93 | I12: 2.75 | J12: 24.76 | K12: =SUM(G12:J12) -> 40.44 | L12: =IF(K12>20,10%,5%) -> 0.1 | M12: =K12*L12 -> 4.044 | N12: =LOOKUP(K12,Lookup!$A$2:$A$5,Lookup!$B$2:$B$5) -> 0.08 | O12: =K12*N12 -> 3.2352 | P12: =K12-M12+O12 -> 39.6312
A13: 12 | B13: Mario Kart DS | C13: DS | D13: 2005 | E13: Racing | F13: Nintendo | G13: 7.57 | H13: 4.13 | I13: 1.92 | J13: 23.42 | K13: =SUM(G13:J13) -> 37.04 | L13: =IF(K13>20,10%,5%) -> 0.1 | M13: =K13*L13 -> 3.704 | N13: =LOOKUP(K13,Lookup!$A$2:$A$5,Lookup!$B$2:$B$5) -> 0.08 | O13: =K13*N13 -> 2.9632 | P13: =K13-M13+O13 -> 36.2992
... A90: 89 | B90: PokÃ©mon Platinum Version | C90: DS | D90: 2008 | E90: Role-Playing | F90: Nintendo | G90: 1.78 | H90: 2.69 | I90: 0.55 | J90: 7.84 | K90: =SUM(G90:J90) -> 12.86 | L90: =IF(K90>20,10%,5%) -> 0.05 | M90: =K90*L90 -> 0.643 | N90: =LOOKUP(K90,Lookup!$A$2:$A$5,Lookup!$B$2:$B$5) -> 0.1 | O90: =K90*N90 -> 1.286 | P90: =K90-M90+O90 -> 13.503
A91: 90 | B91: Pac-Man | C91: 2600 | D91: 1982 | E91: Puzzle | F91: Atari | G91: 0.45 | H91: 0 | I91: 0.08 | J91: 7.81 | K91: =SUM(G91:J91) -> 8.34 | L91: =IF(K91>20,10%,5%) -> 0.05 | M91: =K91*L91 -> 0.417 | N91: =LOOKUP(K91,Lookup!$A$2:$A$5,Lookup!$B$2:$B$5) -> 0.1 | O91: =K91*N91 -> 0.834 | P91: =K91-M91+O91 -> 8.757
A92: 91 | B92: Grand Theft Auto: Liberty City Stories | C92: PSP | D92: 2005 | E92: Action | F92: Take-Two Interactive | G92: 2.83 | H92: 0.24 | I92: 1.75 | J92: 7.72 | K92: =SUM(G92:J92) -> 12.54 | L92: =IF(K92>20,10%,5%) -> 0.05 | M92: =K92*L92 -> 0.627 | N92: =LOOKUP(K92,Lookup!$A$2:$A$5,Lookup!$B$2:$B$5) -> 0.1 | O92: =K92*N92 -> 1.254 | P92: =K92-M92+O92 -> 13.167
A93: 92 | B93: Super Mario Galaxy 2 | C93: Wii | D93: 2010 | E93: Platform | F93: Nintendo | G93: 2.42 | H93: 0.98 | I93: 0.64 | J93: 7.69 | K93: =SUM(G93:J93) -> 11.73 | L93: =IF(K93>20,10%,5%) -> 0.05 | M93: =K93*L93 -> 0.5865 | N93: =LOOKUP(K93,Lookup!$A$2:$A$5,Lookup!$B$2:$B$5) -> 0.1 | O93: =K93*N93 -> 1.173 | P93: =K93-M93+O93 -> 12.3165
A94: 93 | B94: Star Wars Battlefront (2015) | C94: PS4 | D94: 2015 | E94: Shooter | F94: Electronic Arts | G94: 3.29 | H94: 0.22 | I94: 1.23 | J94: 7.67 | K94: =SUM(G94:J94) -> 12.41 | L94: =IF(K94>20,10%,5%) -> 0.05 | M94: =K94*L94 -> 0.6205 | N94: =LOOKUP(K94,Lookup!$A$2:$A$5,Lookup!$B$2:$B$5) -> 0.1 | O94: =K94*N94 -> 1.241 | P94: =K94-M94+O94 -> 13.0305
A95: 94 | B95: Call of Duty: Advanced Warfare | C95: PS4 | D95: 2014 | E95: Shooter | F95: Activision | G95: 3.3 | H95: 0.14 | I95: 1.37 | J95: 7.6 | K95: =SUM(G95:J95) -> 12.41 | L95: =IF(K95>20,10%,5%) -> 0.05 | M95: =K95*L95 -> 0.6205 | N95: =LOOKUP(K95,Lookup!$A$2:$A$5,Lookup!$B$2:$B$5) -> 0.1 | O95: =K95*N95 -> 1.241 | P95: =K95-M95+O95 -> 13.0305
A96: 95 | B96: The Legend of Zelda: Ocarina of Time | C96: N64 | D96: 1998 | E96: Action | F96: Nintendo | G96: 1.89 | H96: 1.45 | I96: 0.16 | J96: 7.6 | K96: =SUM(G96:J96) -> 11.1 | L96: =IF(K96>20,10%,5%) -> 0.05 | M96: =K96*L96 -> 0.555 | N96: =LOOKUP(K96,Lookup!$A$2:$A$5,Lookup!$B$2:$B$5) -> 0.1 | O96: =K96*N96 -> 1.11 | P96: =K96-M96+O96 -> 11.655
A97: 96 | B97: Crash Bandicoot 2: Cortex Strikes Back | C97: PS | D97: 1997 | E97: Platform | F97: Sony Computer Entertainment | G97: 2.17 | H97: 1.31 | I97: 0.31 | J97: 7.58 | K97: =SUM(G97:J97) -> 11.37 | L97: =IF(K97>20,10%,5%) -> 0.05 | M97: =K97*L97 -> 0.5685 | N97: =LOOKUP(K97,Lookup!$A$2:$A$5,Lookup!$B$2:$B$5) -> 0.1 | O97: =K97*N97 -> 1.137 | P97: =K97-M97+O97 -> 11.9385
A98: 97 | B98: Super Mario Bros. 2 | C98: NES | D98: 1988 | E98: Platform | F98: Nintendo | G98: 1.18 | H98: 0.7 | I98: 0.19 | J98: 7.46 | K98: =SUM(G98:J98) -> 9.53 | L98: =IF(K98>20,10%,5%) -> 0.05 | M98: =K98*L98 -> 0.4765 | N98: =LOOKUP(K98,Lookup!$A$2:$A$5,Lookup!$B$2:$B$5) -> 0.1 | O98: =K98*N98 -> 0.953 | P98: =K98-M98+O98 -> 10.0065
A99: 98 | B99: Super Smash Bros. for Wii U and 3DS | C99: 3DS | D99: 2014 | E99: Fighting | F99: Nintendo | G99: 1.35 | H99: 2.42 | I99: 0.43 | J99: 7.45 | K99: =SUM(G99:J99) -> 11.65 | L99: =IF(K99>20,10%,5%) -> 0.05 | M99: =K99*L99 -> 0.5825 | N99: =LOOKUP(K99,Lookup!$A$2:$A$5,Lookup!$B$2:$B$5) -> 0.1 | O99: =K99*N99 -> 1.165 | P99: =K99-M99+O99 -> 12.2325
A100: 99 | B100: Call of Duty: World at War | C100: X360 | D100: 2008 | E100: Shooter | F100: Activision | G100: 1.9 | H100: 0 | I100: 0.69 | J100: 7.37 | K100: =SUM(G100:J100) -> 9.96 | L100: =IF(K100>20,10%,5%) -> 0.05 | M100: =K100*L100 -> 0.498 | N100: =LOOKUP(K100,Lookup!$A$2:$A$5,Lookup!$B$2:$B$5) -> 0.1 | O100: =K100*N100 -> 0.996 | P100: =K100-M100+O100 -> 10.458
A101: 100 | B101: Battlefield 3 | C101: X360 | D101: 2011 | E101: Shooter | F101: Electronic Arts | G101: 2.13 | H101: 0.06 | I101: 0.69 | J101: 7.34 | K101: =SUM(G101:J101) -> 10.22 | L101: =IF(K101>20,10%,5%) -> 0.05 | M101: =K101*L101 -> 0.511 | N101: =LOOKUP(K101,Lookup!$A$2:$A$5,Lookup!$B$2:$B$5) -> 0.1 | O101: =K101*N101 -> 1.022 | P101: =K101-M101+O101 -> 10.731
A102: 101 | B102: The Legend of Zelda: Twilight Princess | C102: Wii | D102: 2006 | E102: Action | F102: Nintendo | G102: 2.19 | H102: 0.6 | I102: 0.7 | J102: 7.31 | K102: =SUM(G102:J102) -> 10.8 | L102: =IF(K102>20,10%,5%) -> 0.05 | M102: =K102*L102 -> 0.54 | N102: =LOOKUP(K102,Lookup!$A$2:$A$5,Lookup!$B$2:$B$5) -> 0.1 | O102: =K102*N102 -> 1.08 | P102: =K102-M102+O102 -> 11.34
A103: 102 | B103: Call of Duty: Black Ops 3 | C103: XOne | D103: 2015 | E103: Shooter | F103: Activision | G103: 2.09 | H103: 0.01 | I103: 0.67 | J103: 7.3 | K103: =SUM(G103:J103) -> 10.07 | L103: =IF(K103>20,10%,5%) -> 0.05 | M103: =K103*L103 -> 0.5035 | N103: =LOOKUP(K103,Lookup!$A$2:$A$5,Lookup!$B$2:$B$5) -> 0.1 | O103: =K103*N103 -> 1.007 | P103: =K103-M103+O103 -> 10.5735
... A180: 179 | B180: Tomb Raider II | C180: PS | D180: 1997 | E180: Action | F180: Eidos Interactive | G180: 2.46 | H180: 0.2 | I180: 0.28 | J180: 5.24 | K180: =SUM(G180:J180) -> 8.18 | L180: =IF(K180>20,10%,5%) -> 0.05 | M180: =K180*L180 -> 0.409 | N180: =LOOKUP(K180,Lookup!$A$2:$A$5,Lookup!$B$2:$B$5) -> 0.1 | O180: =K180*N180 -> 0.818 | P180: =K180-M180+O180 -> 8.589
A181: 180 | B181: Madden NFL 2004 | C181: PS2 | D181: N/A | E181: Sports | F181: Electronic Arts | G181: 0.26 | H181: 0.01 | I181: 0.71 | J181: 5.23 | K181: =SUM(G181:J181) -> 6.21 | L181: =IF(K181>20,10%,5%) -> 0.05 | M181: =K181*L181 -> 0.3105 | N181: =LOOKUP(K181,Lookup!$A$2:$A$5,Lookup!$B$2:$B$5) -> 0.1 | O181: =K181*N181 -> 0.621 | P181: =K181-M181+O181 -> 6.5205
A182: 181 | B182: Dragon Quest VIII: Journey of the Cursed King | C182: PS2 | D182: 2004 | E182: Role-Playing | F182: Square Enix | G182: 0.75 | H182: 3.61 | I182: 0.2 | J182: 5.21 | K182: =SUM(G182:J182) -> 9.77 | L182: =IF(K182>20,10%,5%) -> 0.05 | M182: =K182*L182 -> 0.4885 | N182: =LOOKUP(K182,Lookup!$A$2:$A$5,Lookup!$B$2:$B$5) -> 0.1 | O182: =K182*N182 -> 0.977 | P182: =K182-M182+O182 -> 10.2585
A183: 182 | B183: Diablo III | C183: PC | D183: 2012 | E183: Role-Playing | F183: Activision | G183: 2.15 | H183: 0 | I183: 0.62 | J183: 5.2 | K183: =SUM(G183:J183) -> 7.97 | L183: =IF(K183>20,10%,5%) -> 0.05 | M183: =K183*L183 -> 0.3985 | N183: =LOOKUP(K183,Lookup!$A$2:$A$5,Lookup!$B$2:$B$5) -> 0.1 | O183: =K183*N183 -> 0.797 | P183: =K183-M183+O183 -> 8.3685
A184: 183 | B184: Super Mario Bros. 3 | C184: GBA | D184: 2003 | E184: Platform | F184: Nintendo | G184: 1.25 | H184: 0.83 | I184: 0.2 | J184: 5.2 | K184: =SUM(G184:J184) -> 7.48 | L184: =IF(K184>20,10%,5%) -> 0.05 | M184: =K184*L184 -> 0.374 | N184: =LOOKUP(K184,Lookup!$A$2:$A$5,Lookup!$B$2:$B$5) -> 0.1 | O184: =K184*N184 -> 0.748 | P184: =K184-M184+O184 -> 7.854
A185: 184 | B185: New Super Mario Bros. U | C185: WiiU | D185: 2012 | E185: Platform | F185: Nintendo | G185: 1.3 | H185: 1.27 | I185: 0.31 | J185: 5.19 | K185: =SUM(G185:J185) -> 8.07 | L185: =IF(K185>20,10%,5%) -> 0.05 | M185: =K185*L185 -> 0.4035 | N185: =LOOKUP(K185,Lookup!$A$2:$A$5,Lookup!$B$2:$B$5) -> 0.1 | O185: =K185*N185 -> 0.807 | P185: =K185-M185+O185 -> 8.4735
A186: 185 | B186: Super Mario Land 3: Wario Land | C186: GB | D186: 1994 | E186: Platform | F186: Nintendo | G186: 0.98 | H186: 1.57 | I186: 0.15 | J186: 5.19 | K186: =SUM(G186:J186) -> 7.89 | L186: =IF(K186>20,10%,5%) -> 0.05 | M186: =K186*L186 -> 0.3945 | N186: =LOOKUP(K186,Lookup!$A$2:$A$5,Lookup!$B$2:$B$5) -> 0.1 | O186: =K186*N186 -> 0.789 | P186: =K186-M186+O186 -> 8.2845
A187: 186 | B187: FIFA Soccer 13 | C187: X360 | D187: 2012 | E187: Action | F187: Electronic Arts | G187: 3.48 | H187: 0.03 | I187: 0.58 | J187: 5.18 | K187: =SUM(G187:J187) -> 9.27 | L187: =IF(K187>20,10%,5%) -> 0.05 | M187: =K187*L187 -> 0.4635 | N187: =LOOKUP(K187,Lookup!$A$2:$A$5,Lookup!$B$2:$B$5) -> 0.1 | O187: =K187*N187 -> 0.927 | P187: =K187-M187+O187 -> 9.7335
A188: 187 | B188: The Legend of Zelda: Phantom Hourglass | C188: DS | D188: 2007 | E188: Action | F188: Nintendo | G188: 1.83 | H188: 0.95 | I188: 0.49 | J188: 5.17 | K188: =SUM(G188:J188) -> 8.44 | L188: =IF(K188>20,10%,5%) -> 0.05 | M188: =K188*L188 -> 0.422 | N188: =LOOKUP(K188,Lookup!$A$2:$A$5,Lookup!$B$2:$B$5) -> 0.1 | O188: =K188*N188 -> 0.844 | P188: =K188-M188+O188 -> 8.862
A189: 188 | B189: Donkey Kong Country 2: Diddy's Kong Quest | C189: SNES | D189: 1995 | E189: Platform | F189: Nintendo | G189: 0.74 | H189: 2.2 | I189: 0.11 | J189: 5.15 | K189: =SUM(G189:J189) -> 8.2 | L189: =IF(K189>20,10%,5%) -> 0.05 | M189: =K189*L189 -> 0.41 | N189: =LOOKUP(K189,Lookup!$A$2:$A$5,Lookup!$B$2:$B$5) -> 0.1 | O189: =K189*N189 -> 0.82 | P189: =K189-M189+O189 -> 8.61
A190: 189 | B190: Tomodachi Life | C190: 3DS | D190: 2013 | E190: Simulation | F190: Nintendo | G190: 2.02 | H190: 1.89 | I190: 0.28 | J190: 5.15 | K190: =SUM(G190:J190) -> 9.34 | L190: =IF(K190>20,10%,5%) -> 0.05 | M190: =K190*L190 -> 0.467 | N190: =LOOKUP(K190,Lookup!$A$2:$A$5,Lookup!$B$2:$B$5) -> 0.1 | O190: =K190*N190 -> 0.934 | P190: =K190-M190+O190 -> 9.807
A191: 190 | B191: Mario & Sonic at the Olympic Games | C191: DS | D191: 2008 | E191: Sports | F191: Sega | G191: 2.48 | H191: 0.44 | I191: 0.58 | J191: 5.14 | K191: =SUM(G191:J191) -> 8.64 | L191: =IF(K191>20,10%,5%) -> 0.05 | M191: =K191*L191 -> 0.432 | N191: =LOOKUP(K191,Lookup!$A$2:$A$5,Lookup!$B$2:$B$5) -> 0.1 | O191: =K191*N191 -> 0.864 | P191: =K191-M191+O191 -> 9.072
A192: 191 | B192: Medal of Honor: Rising Sun | C192: PS2 | D192: 2003 | E192: Shooter | F192: Electronic Arts | G192: 2.23 | H192: 0.13 | I192: 0.8 | J192: 5.13 | K192: =SUM(G192:J192) -> 8.29 | L192: =IF(K192>20,10%,5%) -> 0.05 | M192: =K192*L192 -> 0.4145 | N192: =LOOKUP(K192,Lookup!$A$2:$A$5,Lookup!$B$2:$B$5) -> 0.1 | O192: =K192*N192 -> 0.829 | P192: =K192-M192+O192 -> 8.7045
A193: 192 | B193: Kirby's Dream Land | C193: GB | D193: 1992 | E193: Platform | F193: Nintendo | G193: 0.61 | H193: 1.7 | I193: 0.11 | J193: 5.13 | K193: =SUM(G193:J193) -> 7.55 | L193: =IF(K193>20,10%,5%) -> 0.05 | M193: =K193*L193 -> 0.3775 | N193: =LOOKUP(K193,Lookup!$A$2:$A$5,Lookup!$B$2:$B$5) -> 0.1 | O193: =K193*N193 -> 0.755 | P193: =K193-M193+O193 -> 7.9275
... A240: 239 | B240: Madden NFL 2005 | C240: PS2 | D240: 2004 | E240: Sports | F240: Electronic Arts | G240: 0.26 | H240: 0.01 | I240: 0.08 | J240: 4.53 | K240: =SUM(G240:J240) -> 4.88 | L240: =IF(K240>20,10%,5%) -> 0.05 | M240: =K240*L240 -> 0.244 | N240: =LOOKUP(K240,Lookup!$A$2:$A$5,Lookup!$B$2:$B$5) -> 0.1 | O240: =K240*N240 -> 0.488 | P240: =K240-M240+O240 -> 5.124
A241: 240 | B241: Pitfall! | C241: 2600 | D241: 1981 | E241: Platform | F241: Activision | G241: 0.24 | H241: 0 | I241: 0.05 | J241: 4.5 | K241: =SUM(G241:J241) -> 4.79 | L241: =IF(K241>20,10%,5%) -> 0.05 | M241: =K241*L241 -> 0.2395 | N241: =LOOKUP(K241,Lookup!$A$2:$A$5,Lookup!$B$2:$B$5) -> 0.1 | O241: =K241*N241 -> 0.479 | P241: =K241-M241+O241 -> 5.0295
A242: 241 | B242: Madden NFL 07 | C242: PS2 | D242: 2006 | E242: Sports | F242: Electronic Arts | G242: 0.24 | H242: 0.01 | I242: 0.61 | J242: 4.49 | K242: =SUM(G242:J242) -> 5.35 | L242: =IF(K242>20,10%,5%) -> 0.05 | M242: =K242*L242 -> 0.2675 | N242: =LOOKUP(K242,Lookup!$A$2:$A$5,Lookup!$B$2:$B$5) -> 0.1 | O242: =K242*N242 -> 0.535 | P242: =K242-M242+O242 -> 5.6175
A243: 242 | B243: Spider-Man: The Movie | C243: PS2 | D243: 2002 | E243: Action | F243: Activision | G243: 1.51 | H243: 0.03 | I243: 0.23 | J243: 4.48 | K243: =SUM(G243:J243) -> 6.25 | L243: =IF(K243>20,10%,5%) -> 0.05 | M243: =K243*L243 -> 0.3125 | N243: =LOOKUP(K243,Lookup!$A$2:$A$5,Lookup!$B$2:$B$5) -> 0.1 | O243: =K243*N243 -> 0.625 | P243: =K243-M243+O243 -> 6.5625
A244: 243 | B244: Dragon Quest VII: Warriors of Eden | C244: PS | D244: 2000 | E244: Role-Playing | F244: Enix Corporation | G244: 0.14 | H244: 4.1 | I244: 0.02 | J244: 4.47 | K244: =SUM(G244:J244) -> 8.73 | L244: =IF(K244>20,10%,5%) -> 0.05 | M244: =K244*L244 -> 0.4365 | N244: =LOOKUP(K244,Lookup!$A$2:$A$5,Lookup!$B$2:$B$5) -> 0.1 | O244: =K244*N244 -> 0.873 | P244: =K244-M244+O244 -> 9.1665
A245: 244 | B245: Uncharted: The Nathan Drake Collection | C245: PS4 | D245: 2015 | E245: Action | F245: Sony Computer Entertainment | G245: 1.69 | H245: 0.08 | I245: 0.74 | J245: 4.47 | K245: =SUM(G245:J245) -> 6.98 | L245: =IF(K245>20,10%,5%) -> 0.05 | M245: =K245*L245 -> 0.349 | N245: =LOOKUP(K245,Lookup!$A$2:$A$5,Lookup!$B$2:$B$5) -> 0.1 | O245: =K245*N245 -> 0.698 | P245: =K245-M245+O245 -> 7.329
A246: 245 | B246: Call of Duty: Advanced Warfare | C246: PS3 | D246: 2014 | E246: Shooter | F246: Activision | G246: 1.94 | H246: 0.19 | I246: 0.77 | J246: 4.45 | K246: =SUM(G246:J246) -> 7.35 | L246: =IF(K246>20,10%,5%) -> 0.05 | M246: =K246*L246 -> 0.3675 | N246: =LOOKUP(K246,Lookup!$A$2:$A$5,Lookup!$B$2:$B$5) -> 0.1 | O246: =K246*N246 -> 0.735 | P246: =K246-M246+O246 -> 7.7175
A247: 246 | B247: God of War | C247: PS2 | D247: 2005 | E247: Action | F247: Sony Computer Entertainment | G247: 1.29 | H247: 0.02 | I247: 0.43 | J247: 4.45 | K247: =SUM(G247:J247) -> 6.19 | L247: =IF(K247>20,10%,5%) -> 0.05 | M247: =K247*L247 -> 0.3095 | N247: =LOOKUP(K247,Lookup!$A$2:$A$5,Lookup!$B$2:$B$5) -> 0.1 | O247: =K247*N247 -> 0.619 | P247: =K247-M247+O247 -> 6.4995
A248: 247 | B248: Nintendo Land | C248: WiiU | D248: 2012 | E248: Misc | F248: Nintendo | G248: 1.11 | H248: 0.46 | I248: 0.33 | J248: 4.44 | K248: =SUM(G248:J248) -> 6.34 | L248: =IF(K248>20,10%,5%) -> 0.05 | M248: =K248*L248 -> 0.317 | N248: =LOOKUP(K248,Lookup!$A$2:$A$5,Lookup!$B$2:$B$5) -> 0.1 | O248: =K248*N248 -> 0.634 | P248: =K248-M248+O248 -> 6.657
A249: 248 | B249: Michael Jackson: The Experience | C249: Wii | D249: 2010 | E249: Misc | F249: Ubisoft | G249: 1.35 | H249: 0.01 | I249: 0.39 | J249: 4.42 | K249: =SUM(G249:J249) -> 6.17 | L249: =IF(K249>20,10%,5%) -> 0.05 | M249: =K249*L249 -> 0.3085 | N249: =LOOKUP(K249,Lookup!$A$2:$A$5,Lookup!$B$2:$B$5) -> 0.1 | O249: =K249*N249 -> 0.617 | P249: =K249-M249+O249 -> 6.4785
A250: 249 | B250: Tony Hawk's Pro Skater 3 | C250: PS2 | D250: 2001 | E250: Sports | F250: Activision | G250: 1.29 | H250: 0.01 | I250: 0.46 | J250: 4.41 | K250: =SUM(G250:J250) -> 6.17 | L250: =IF(K250>20,10%,5%) -> 0.05 | M250: =K250*L250 -> 0.3085 | N250: =LOOKUP(K250,Lookup!$A$2:$A$5,Lookup!$B$2:$B$5) -> 0.1 | O250: =K250*N250 -> 0.617 | P250: =K250-M250+O250 -> 6.4785
A251: 250 | B251: Winning Eleven: Pro Evolution Soccer 2007 | C251: PS2 | D251: 2006 | E251: Sports | F251: Konami Digital Entertainment | G251: 2.39 | H251: 1.05 | I251: 0.86 | J251: 4.39 | K251: =SUM(G251:J251) -> 8.69 | L251: =IF(K251>20,10%,5%) -> 0.05 | M251: =K251*L251 -> 0.4345 | N251: =LOOKUP(K251,Lookup!$A$2:$A$5,Lookup!$B$2:$B$5) -> 0.1 | O251: =K251*N251 -> 0.869 | P251: =K251-M251+O251 -> 9.1245
A252: 251 | B252: The Elder Scrolls IV: Oblivion | C252: X360 | D252: 2006 | E252: Role-Playing | F252: Take-Two Interactive | G252: 1.05 | H252: 0.13 | I252: 0.4 | J252: 4.39 | K252: =SUM(G252:J252) -> 5.97 | L252: =IF(K252>20,10%,5%) -> 0.05 | M252: =K252*L252 -> 0.2985 | N252: =LOOKUP(K252,Lookup!$A$2:$A$5,Lookup!$B$2:$B$5) -> 0.1 | O252: =K252*N252 -> 0.597 | P252: =K252-M252+O252 -> 6.2685
A253: 252 | B253: Zelda II: The Adventure of Link | C253: NES | D253: 1987 | E253: Adventure | F253: Nintendo | G253: 0.5 | H253: 1.61 | I253: 0.08 | J253: 4.38 | K253: =SUM(G253:J253) -> 6.57 | L253: =IF(K253>20,10%,5%) -> 0.05 | M253: =K253*L253 -> 0.3285 | N253: =LOOKUP(K253,Lookup!$A$2:$A$5,Lookup!$B$2:$B$5) -> 0.1 | O253: =K253*N253 -> 0.657 | P253: =K253-M253+O253 -> 6.8985
... A259: 258 | B259: Call of Duty: Advanced Warfare | C259: X360 | D259: 2014 | E259: Shooter | F259: Activision | G259: 1.18 | H259: 0 | I259: 0.37 | J259: 4.31 | K259: =SUM(G259:J259) -> 5.86 | L259: =IF(K259>20,10%,5%) -> 0.05 | M259: =K259*L259 -> 0.293 | N259: =LOOKUP(K259,Lookup!$A$2:$A$5,Lookup!$B$2:$B$5) -> 0.1 | O259: =K259*N259 -> 0.586 | P259: =K259-M259+O259 -> 6.153
A260: 259 | B260: Asteroids | C260: 2600 | D260: 1980 | E260: Shooter | F260: Atari | G260: 0.26 | H260: 0 | I260: 0.05 | J260: 4.31 | K260: =SUM(G260:J260) -> 4.62 | L260: =IF(K260>20,10%,5%) -> 0.05 | M260: =K260*L260 -> 0.231 | N260: =LOOKUP(K260,Lookup!$A$2:$A$5,Lookup!$B$2:$B$5) -> 0.1 | O260: =K260*N260 -> 0.462 | P260: =K260-M260+O260 -> 4.851
A261: 260 | B261: Fable II | C261: X360 | D261: 2008 | E261: Role-Playing | F261: Microsoft Game Studios | G261: 1.27 | H261: 0.11 | I261: 0.41 | J261: 4.31 | K261: =SUM(G261:J261) -> 6.1 | L261: =IF(K261>20,10%,5%) -> 0.05 | M261: =K261*L261 -> 0.305 | N261: =LOOKUP(K261,Lookup!$A$2:$A$5,Lookup!$B$2:$B$5) -> 0.1 | O261: =K261*N261 -> 0.61 | P261: =K261-M261+O261 -> 6.405
A262: 261 | B262: Halo 5: Guardians | C262: XOne | D262: 2015 | E262: Shooter | F262: Microsoft Game Studios | G262: 1.2 | H262: 0.03 | I262: 0.39 | J262: 4.26 | K262: =SUM(G262:J262) -> 5.88 | L262: =IF(K262>20,10%,5%) -> 0.05 | M262: =K262*L262 -> 0.294 | N262: =LOOKUP(K262,Lookup!$A$2:$A$5,Lookup!$B$2:$B$5) -> 0.1 | O262: =K262*N262 -> 0.588 | P262: =K262-M262+O262 -> 6.174
A263: 262 | B263: Super Mario 3D World | C263: WiiU | D263: 2013 | E263: Platform | F263: Nintendo | G263: 1.11 | H263: 0.72 | I263: 0.3 | J263: 4.25 | K263: =SUM(G263:J263) -> 6.38 | L263: =IF(K263>20,10%,5%) -> 0.05 | M263: =K263*L263 -> 0.319 | N263: =LOOKUP(K263,Lookup!$A$2:$A$5,Lookup!$B$2:$B$5) -> 0.1 | O263: =K263*N263 -> 0.638 | P263: =K263-M263+O263 -> 6.699
A264: 263 | B264: Batman: Arkham Asylum | C264: PS3 | D264: 2009 | E264: Action | F264: Eidos Interactive | G264: 1.34 | H264: 0.07 | I264: 0.61 | J264: 4.25 | K264: =SUM(G264:J264) -> 6.27 | L264: =IF(K264>20,10%,5%) -> 0.05 | M264: =K264*L264 -> 0.3135 | N264: =LOOKUP(K264,Lookup!$A$2:$A$5,Lookup!$B$2:$B$5) -> 0.1 | O264: =K264*N264 -> 0.627 | P264: =K264-M264+O264 -> 6.5835
A265: 264 | B265: Assassin's Creed: Revelations | C265: PS3 | D265: 2011 | E265: Action | F265: Ubisoft | G265: 2.02 | H265: 0.1 | I265: 0.72 | J265: 4.24 | K265: =SUM(G265:J265) -> 7.08 | L265: =IF(K265>20,10%,5%) -> 0.05 | M265: =K265*L265 -> 0.354 | N265: =LOOKUP(K265,Lookup!$A$2:$A$5,Lookup!$B$2:$B$5) -> 0.1 | O265: =K265*N265 -> 0.708 | P265: =K265-M265+O265 -> 7.434
A266: 265 | B266: Namco Museum | C266: GBA | D266: 2001 | E266: Misc | F266: Namco Bandai Games | G266: 1.11 | H266: 0.05 | I266: 0.07 | J266: 4.24 | K266: =SUM(G266:J266) -> 5.47 | L266: =IF(K266>20,10%,5%) -> 0.05 | M266: =K266*L266 -> 0.2735 | N266: =LOOKUP(K266,Lookup!$A$2:$A$5,Lookup!$B$2:$B$5) -> 0.1 | O266: =K266*N266 -> 0.547 | P266: =K266-M266+O266 -> 5.7435
A267: 266 | B267: Metal Gear Solid 3: Snake Eater | C267: PS2 | D267: 2004 | E267: Action | F267: Konami Digital Entertainment | G267: 0 | H267: 0.83 | I267: 1.93 | J267: 4.23 | K267: =SUM(G267:J267) -> 6.99 | L267: =IF(K267>20,10%,5%) -> 0.05 | M267: =K267*L267 -> 0.3495 | N267: =LOOKUP(K267,Lookup!$A$2:$A$5,Lookup!$B$2:$B$5) -> 0.1 | O267: =K267*N267 -> 0.699 | P267: =K267-M267+O267 -> 7.3395
A268: 267 | B268: Daxter | C268: PSP | D268: 2006 | E268: Platform | F268: Sony Computer Entertainment | G268: 1.02 | H268: 0 | I268: 0.75 | J268: 4.22 | K268: =SUM(G268:J268) -> 5.99 | L268: =IF(K268>20,10%,5%) -> 0.05 | M268: =K268*L268 -> 0.2995 | N268: =LOOKUP(K268,Lookup!$A$2:$A$5,Lookup!$B$2:$B$5) -> 0.1 | O268: =K268*N268 -> 0.599 | P268: =K268-M268+O268 -> 6.2895
A269: 268 | B269: Warcraft II: Tides of Darkness | C269: PC | D269: 1995 | E269: Strategy | F269: Activision | G269: 2.27 | H269: 0 | I269: 0.23 | J269: 4.21 | K269: =SUM(G269:J269) -> 6.71 | L269: =IF(K269>20,10%,5%) -> 0.05 | M269: =K269*L269 -> 0.3355 | N269: =LOOKUP(K269,Lookup!$A$2:$A$5,Lookup!$B$2:$B$5) -> 0.1 | O269: =K269*N269 -> 0.671 | P269: =K269-M269+O269 -> 7.0455
A270: 269 | B270: The Legend of Zelda: Ocarina of Time | C270: 3DS | D270: 2011 | E270: Action | F270: Nintendo | G270: 1.27 | H270: 0.62 | I270: 0.3 | J270: 4.21 | K270: =SUM(G270:J270) -> 6.4 | L270: =IF(K270>20,10%,5%) -> 0.05 | M270: =K270*L270 -> 0.32 | N270: =LOOKUP(K270,Lookup!$A$2:$A$5,Lookup!$B$2:$B$5) -> 0.1 | O270: =K270*N270 -> 0.64 | P270: =K270-M270+O270 -> 6.72
A271: 270 | B271: FIFA Soccer 06 | C271: PS2 | D271: 2005 | E271: Sports | F271: Electronic Arts | G271: 2.55 | H271: 0.04 | I271: 0.84 | J271: 4.21 | K271: =SUM(G271:J271) -> 7.64 | L271: =IF(K271>20,10%,5%) -> 0.05 | M271: =K271*L271 -> 0.382 | N271: =LOOKUP(K271,Lookup!$A$2:$A$5,Lookup!$B$2:$B$5) -> 0.1 | O271: =K271*N271 -> 0.764 | P271: =K271-M271+O271 -> 8.022
A272: 271 | B272: EyeToy Play | C272: PS2 | D272: 2003 | E272: Misc | F272: Sony Computer Entertainment | G272: 2.3 | H272: 0.2 | I272: 0.83 | J272: 4.2 | K272: =SUM(G272:J272) -> 7.53 | L272: =IF(K272>20,10%,5%) -> 0.05 | M272: =K272*L272 -> 0.3765 | N272: =LOOKUP(K272,Lookup!$A$2:$A$5,Lookup!$B$2:$B$5) -> 0.1 | O272: =K272*N272 -> 0.753 | P272: =K272-M272+O272 -> 7.9065
... A378: 377 | B378: Clubhouse Games | C378: DS | D378: 2006 | E378: Misc | F378: Nintendo | G378: 1.83 | H378: 0.73 | I378: 0.35 | J378: 3.5 | K378: =SUM(G378:J378) -> 6.41 | L378: =IF(K378>20,10%,5%) -> 0.05 | M378: =K378*L378 -> 0.3205 | N378: =LOOKUP(K378,Lookup!$A$2:$A$5,Lookup!$B$2:$B$5) -> 0.1 | O378: =K378*N378 -> 0.641 | P378: =K378-M378+O378 -> 6.7305
A379: 378 | B379: FIFA Soccer 2004 | C379: PS2 | D379: N/A | E379: Sports | F379: Electronic Arts | G379: 2.36 | H379: 0.04 | I379: 0.51 | J379: 3.49 | K379: =SUM(G379:J379) -> 6.4 | L379: =IF(K379>20,10%,5%) -> 0.05 | M379: =K379*L379 -> 0.32 | N379: =LOOKUP(K379,Lookup!$A$2:$A$5,Lookup!$B$2:$B$5) -> 0.1 | O379: =K379*N379 -> 0.64 | P379: =K379-M379+O379 -> 6.72
A380: 379 | B380: Star Wars Battlefront (2015) | C380: XOne | D380: 2015 | E380: Shooter | F380: Electronic Arts | G380: 1.22 | H380: 0.02 | I380: 0.31 | J380: 3.49 | K380: =SUM(G380:J380) -> 5.04 | L380: =IF(K380>20,10%,5%) -> 0.05 | M380: =K380*L380 -> 0.252 | N380: =LOOKUP(K380,Lookup!$A$2:$A$5,Lookup!$B$2:$B$5) -> 0.1 | O380: =K380*N380 -> 0.504 | P380: =K380-M380+O380 -> 5.292
A381: 380 | B381: Battlefield: Bad Company 2 | C381: X360 | D381: 2010 | E381: Shooter | F381: Electronic Arts | G381: 1.02 | H381: 0.04 | I381: 0.32 | J381: 3.48 | K381: =SUM(G381:J381) -> 4.86 | L381: =IF(K381>20,10%,5%) -> 0.05 | M381: =K381*L381 -> 0.243 | N381: =LOOKUP(K381,Lookup!$A$2:$A$5,Lookup!$B$2:$B$5) -> 0.1 | O381: =K381*N381 -> 0.486 | P381: =K381-M381+O381 -> 5.103
A382: 381 | B382: Guitar Hero: On Tour | C382: DS | D382: 2008 | E382: Misc | F382: Activision | G382: 1.01 | H382: 0.01 | I382: 0.35 | J382: 3.48 | K382: =SUM(G382:J382) -> 4.85 | L382: =IF(K382>20,10%,5%) -> 0.05 | M382: =K382*L382 -> 0.2425 | N382: =LOOKUP(K382,Lookup!$A$2:$A$5,Lookup!$B$2:$B$5) -> 0.1 | O382: =K382*N382 -> 0.485 | P382: =K382-M382+O382 -> 5.0925
A383: 382 | B383: Assassin's Creed: Unity | C383: XOne | D383: 2014 | E383: Action | F383: Ubisoft | G383: 0.89 | H383: 0 | I383: 0.3 | J383: 3.46 | K383: =SUM(G383:J383) -> 4.65 | L383: =IF(K383>20,10%,5%) -> 0.05 | M383: =K383*L383 -> 0.2325 | N383: =LOOKUP(K383,Lookup!$A$2:$A$5,Lookup!$B$2:$B$5) -> 0.1 | O383: =K383*N383 -> 0.465 | P383: =K383-M383+O383 -> 4.8825
A384: 383 | B384: Far Cry 3 | C384: PS3 | D384: 2012 | E384: Shooter | F384: Ubisoft | G384: 1.75 | H384: 0.1 | I384: 0.72 | J384: 3.45 | K384: =SUM(G384:J384) -> 6.02 | L384: =IF(K384>20,10%,5%) -> 0.05 | M384: =K384*L384 -> 0.301 | N384: =LOOKUP(K384,Lookup!$A$2:$A$5,Lookup!$B$2:$B$5) -> 0.1 | O384: =K384*N384 -> 0.602 | P384: =K384-M384+O384 -> 6.321
A385: 384 | B385: Monster Hunter 4 | C385: 3DS | D385: 2013 | E385: Role-Playing | F385: Capcom | G385: 0 | H385: 3.44 | I385: 0 | J385: 3.44 | K385: =SUM(G385:J385) -> 6.88 | L385: =IF(K385>20,10%,5%) -> 0.05 | M385: =K385*L385 -> 0.344 | N385: =LOOKUP(K385,Lookup!$A$2:$A$5,Lookup!$B$2:$B$5) -> 0.1 | O385: =K385*N385 -> 0.688 | P385: =K385-M385+O385 -> 7.224
A386: 385 | B386: Borderlands | C386: X360 | D386: 2009 | E386: Shooter | F386: Take-Two Interactive | G386: 0.73 | H386: 0.03 | I386: 0.29 | J386: 3.44 | K386: =SUM(G386:J386) -> 4.49 | L386: =IF(K386>20,10%,5%) -> 0.05 | M386: =K386*L386 -> 0.2245 | N386: =LOOKUP(K386,Lookup!$A$2:$A$5,Lookup!$B$2:$B$5) -> 0.1 | O386: =K386*N386 -> 0.449 | P386: =K386-M386+O386 -> 4.7145
A387: 386 | B387: Tekken 4 | C387: PS2 | D387: 2002 | E387: Fighting | F387: Namco Bandai Games | G387: 1.27 | H387: 0.33 | I387: 0.29 | J387: 3.44 | K387: =SUM(G387:J387) -> 5.33 | L387: =IF(K387>20,10%,5%) -> 0.05 | M387: =K387*L387 -> 0.2665 | N387: =LOOKUP(K387,Lookup!$A$2:$A$5,Lookup!$B$2:$B$5) -> 0.1 | O387: =K387*N387 -> 0.533 | P387: =K387-M387+O387 -> 5.5965
A388: 387 | B388: Battlefield 4 | C388: PS4 | D388: 2013 | E388: Shooter | F388: Electronic Arts | G388: 1.54 | H388: 0.17 | I388: 0.38 | J388: 3.43 | K388: =SUM(G388:J388) -> 5.52 | L388: =IF(K388>20,10%,5%) -> 0.05 | M388: =K388*L388 -> 0.276 | N388: =LOOKUP(K388,Lookup!$A$2:$A$5,Lookup!$B$2:$B$5) -> 0.1 | O388: =K388*N388 -> 0.552 | P388: =K388-M388+O388 -> 5.796
A389: 388 | B389: LittleBigPlanet 2 | C389: PS3 | D389: 2011 | E389: Platform | F389: Sony Computer Entertainment | G389: 1.07 | H389: 0.06 | I389: 0.47 | J389: 3.42 | K389: =SUM(G389:J389) -> 5.02 | L389: =IF(K389>20,10%,5%) -> 0.05 | M389: =K389*L389 -> 0.251 | N389: =LOOKUP(K389,Lookup!$A$2:$A$5,Lookup!$B$2:$B$5) -> 0.1 | O389: =K389*N389 -> 0.502 | P389: =K389-M389+O389 -> 5.271
A390: 389 | B390: Grand Theft Auto 2 | C390: PS | D390: 1998 | E390: Action | F390: Take-Two Interactive | G390: 2.07 | H390: 0 | I390: 0.22 | J390: 3.42 | K390: =SUM(G390:J390) -> 5.71 | L390: =IF(K390>20,10%,5%) -> 0.05 | M390: =K390*L390 -> 0.2855 | N390: =LOOKUP(K390,Lookup!$A$2:$A$5,Lookup!$B$2:$B$5) -> 0.1 | O390: =K390*N390 -> 0.571 | P390: =K390-M390+O390 -> 5.9955
A391: 390 | B391: Final Fantasy III | C391: SNES | D391: 1994 | E391: Role-Playing | F391: SquareSoft | G391: 0 | H391: 2.55 | I391: 0.02 | J391: 3.42 | K391: =SUM(G391:J391) -> 5.99 | L391: =IF(K391>20,10%,5%) -> 0.05 | M391: =K391*L391 -> 0.2995 | N391: =LOOKUP(K391,Lookup!$A$2:$A$5,Lookup!$B$2:$B$5) -> 0.1 | O391: =K391*N391 -> 0.599 | P391: =K391-M391+O391 -> 6.2895
... A432: 431 | B432: Fallout: New Vegas | C432: PS3 | D432: 2010 | E432: Role-Playing | F432: Bethesda Softworks | G432: 1.08 | H432: 0.1 | I432: 0.47 | J432: 3.17 | K432: =SUM(G432:J432) -> 4.82 | L432: =IF(K432>20,10%,5%) -> 0.05 | M432: =K432*L432 -> 0.241 | N432: =LOOKUP(K432,Lookup!$A$2:$A$5,Lookup!$B$2:$B$5) -> 0.1 | O432: =K432*N432 -> 0.482 | P432: =K432-M432+O432 -> 5.061
A433: 432 | B433: LEGO Batman: The Videogame | C433: Wii | D433: N/A | E433: Action | F433: Warner Bros. Interactive Entertainment | G433: 1.02 | H433: 0 | I433: 0.29 | J433: 3.17 | K433: =SUM(G433:J433) -> 4.48 | L433: =IF(K433>20,10%,5%) -> 0.05 | M433: =K433*L433 -> 0.224 | N433: =LOOKUP(K433,Lookup!$A$2:$A$5,Lookup!$B$2:$B$5) -> 0.1 | O433: =K433*N433 -> 0.448 | P433: =K433-M433+O433 -> 4.704
A434: 433 | B434: Rhythm Heaven | C434: DS | D434: 2008 | E434: Misc | F434: Nintendo | G434: 0.51 | H434: 1.93 | I434: 0.14 | J434: 3.17 | K434: =SUM(G434:J434) -> 5.75 | L434: =IF(K434>20,10%,5%) -> 0.05 | M434: =K434*L434 -> 0.2875 | N434: =LOOKUP(K434,Lookup!$A$2:$A$5,Lookup!$B$2:$B$5) -> 0.1 | O434: =K434*N434 -> 0.575 | P434: =K434-M434+O434 -> 6.0375
A435: 434 | B435: Ace Combat 04: Shattered Skies | C435: PS2 | D435: 2001 | E435: Simulation | F435: Sony Computer Entertainment Europe | G435: 0.56 | H435: 0.38 | I435: 0.17 | J435: 3.17 | K435: =SUM(G435:J435) -> 4.28 | L435: =IF(K435>20,10%,5%) -> 0.05 | M435: =K435*L435 -> 0.214 | N435: =LOOKUP(K435,Lookup!$A$2:$A$5,Lookup!$B$2:$B$5) -> 0.1 | O435: =K435*N435 -> 0.428 | P435: =K435-M435+O435 -> 4.494
A436: 435 | B436: Club Penguin: Elite Penguin Force | C436: DS | D436: 2008 | E436: Adventure | F436: Disney Interactive Studios | G436: 0.98 | H436: 0 | I436: 0.3 | J436: 3.16 | K436: =SUM(G436:J436) -> 4.44 | L436: =IF(K436>20,10%,5%) -> 0.05 | M436: =K436*L436 -> 0.222 | N436: =LOOKUP(K436,Lookup!$A$2:$A$5,Lookup!$B$2:$B$5) -> 0.1 | O436: =K436*N436 -> 0.444 | P436: =K436-M436+O436 -> 4.662
A437: 436 | B437: Animal Crossing | C437: GC | D437: 2001 | E437: Simulation | F437: Nintendo | G437: 0.16 | H437: 0.99 | I437: 0.09 | J437: 3.15 | K437: =SUM(G437:J437) -> 4.39 | L437: =IF(K437>20,10%,5%) -> 0.05 | M437: =K437*L437 -> 0.2195 | N437: =LOOKUP(K437,Lookup!$A$2:$A$5,Lookup!$B$2:$B$5) -> 0.1 | O437: =K437*N437 -> 0.439 | P437: =K437-M437+O437 -> 4.6095
A438: 437 | B438: LEGO Batman: The Videogame | C438: DS | D438: 2008 | E438: Action | F438: Warner Bros. Interactive Entertainment | G438: 1.06 | H438: 0 | I438: 0.29 | J438: 3.15 | K438: =SUM(G438:J438) -> 4.5 | L438: =IF(K438>20,10%,5%) -> 0.05 | M438: =K438*L438 -> 0.225 | N438: =LOOKUP(K438,Lookup!$A$2:$A$5,Lookup!$B$2:$B$5) -> 0.1 | O438: =K438*N438 -> 0.45 | P438: =K438-M438+O438 -> 4.725
A439: 438 | B439: Sonic Rush | C439: DS | D439: 2005 | E439: Platform | F439: Sega | G439: 1.57 | H439: 0.06 | I439: 0.29 | J439: 3.15 | K439: =SUM(G439:J439) -> 5.07 | L439: =IF(K439>20,10%,5%) -> 0.05 | M439: =K439*L439 -> 0.2535 | N439: =LOOKUP(K439,Lookup!$A$2:$A$5,Lookup!$B$2:$B$5) -> 0.1 | O439: =K439*N439 -> 0.507 | P439: =K439-M439+O439 -> 5.3235
A440: 439 | B440: Resident Evil 6 | C440: PS3 | D440: 2012 | E440: Shooter | F440: Capcom | G440: 0.97 | H440: 0.88 | I440: 0.42 | J440: 3.15 | K440: =SUM(G440:J440) -> 5.42 | L440: =IF(K440>20,10%,5%) -> 0.05 | M440: =K440*L440 -> 0.271 | N440: =LOOKUP(K440,Lookup!$A$2:$A$5,Lookup!$B$2:$B$5) -> 0.1 | O440: =K440*N440 -> 0.542 | P440: =K440-M440+O440 -> 5.691
A441: 440 | B441: Halo: The Master Chief Collection | C441: XOne | D441: 2014 | E441: Shooter | F441: Microsoft Game Studios | G441: 0.99 | H441: 0.03 | I441: 0.24 | J441: 3.15 | K441: =SUM(G441:J441) -> 4.41 | L441: =IF(K441>20,10%,5%) -> 0.05 | M441: =K441*L441 -> 0.2205 | N441: =LOOKUP(K441,Lookup!$A$2:$A$5,Lookup!$B$2:$B$5) -> 0.1 | O441: =K441*N441 -> 0.441 | P441: =K441-M441+O441 -> 4.6305
A442: 441 | B442: FIFA Soccer 08 | C442: PS2 | D442: 2007 | E442: Sports | F442: Electronic Arts | G442: 0 | H442: 0 | I442: 2.46 | J442: 3.14 | K442: =SUM(G442:J442) -> 5.6 | L442: =IF(K442>20,10%,5%) -> 0.05 | M442: =K442*L442 -> 0.28 | N442: =LOOKUP(K442,Lookup!$A$2:$A$5,Lookup!$B$2:$B$5) -> 0.1 | O442: =K442*N442 -> 0.56 | P442: =K442-M442+O442 -> 5.88
A443: 442 | B443: Spider-Man | C443: PS | D443: 2000 | E443: Action | F443: Activision | G443: 1.25 | H443: 0.02 | I443: 0.16 | J443: 3.13 | K443: =SUM(G443:J443) -> 4.56 | L443: =IF(K443>20,10%,5%) -> 0.05 | M443: =K443*L443 -> 0.228 | N443: =LOOKUP(K443,Lookup!$A$2:$A$5,Lookup!$B$2:$B$5) -> 0.1 | O443: =K443*N443 -> 0.456 | P443: =K443-M443+O443 -> 4.788
A444: 443 | B444: Need for Speed III: Hot Pursuit | C444: PS | D444: 1998 | E444: Racing | F444: Electronic Arts | G444: 0.86 | H444: 0 | I444: 0.13 | J444: 3.12 | K444: =SUM(G444:J444) -> 4.11 | L444: =IF(K444>20,10%,5%) -> 0.05 | M444: =K444*L444 -> 0.2055 | N444: =LOOKUP(K444,Lookup!$A$2:$A$5,Lookup!$B$2:$B$5) -> 0.1 | O444: =K444*N444 -> 0.411 | P444: =K444-M444+O444 -> 4.3155
A445: 444 | B445: Star Wars Episode I Racer | C445: N64 | D445: 1999 | E445: Racing | F445: Nintendo | G445: 0.62 | H445: 0.14 | I445: 0.04 | J445: 3.12 | K445: =SUM(G445:J445) -> 3.92 | L445: =IF(K445>20,10%,5%) -> 0.05 | M445: =K445*L445 -> 0.196 | N445: =LOOKUP(K445,Lookup!$A$2:$A$5,Lookup!$B$2:$B$5) -> 0.1 | O445: =K445*N445 -> 0.392 | P445: =K445-M445+O445 -> 4.116
... A471: 470 | B471: Dragon Ball Z: Budokai Tenkaichi 3 | C471: PS2 | D471: 2007 | E471: Fighting | F471: Atari | G471: 0 | H471: 0.76 | I471: 1.09 | J471: 3 | K471: =SUM(G471:J471) -> 4.85 | L471: =IF(K471>20,10%,5%) -> 0.05 | M471: =K471*L471 -> 0.2425 | N471: =LOOKUP(K471,Lookup!$A$2:$A$5,Lookup!$B$2:$B$5) -> 0.1 | O471: =K471*N471 -> 0.485 | P471: =K471-M471+O471 -> 5.0925
A472: 471 | B472: wwe Smackdown vs. Raw 2006 | C472: PS2 | D472: N/A | E472: Fighting | F472: N/A | G472: 1.02 | H472: 0 | I472: 0.41 | J472: 3 | K472: =SUM(G472:J472) -> 4.43 | L472: =IF(K472>20,10%,5%) -> 0.05 | M472: =K472*L472 -> 0.2215 | N472: =LOOKUP(K472,Lookup!$A$2:$A$5,Lookup!$B$2:$B$5) -> 0.1 | O472: =K472*N472 -> 0.443 | P472: =K472-M472+O472 -> 4.6515
A473: 472 | B473: Middle-Earth: Shadow of Mordor | C473: PS4 | D473: 2014 | E473: Action | F473: Warner Bros. Interactive Entertainment | G473: 1.41 | H473: 0.05 | I473: 0.53 | J473: 2.99 | K473: =SUM(G473:J473) -> 4.98 | L473: =IF(K473>20,10%,5%) -> 0.05 | M473: =K473*L473 -> 0.249 | N473: =LOOKUP(K473,Lookup!$A$2:$A$5,Lookup!$B$2:$B$5) -> 0.1 | O473: =K473*N473 -> 0.498 | P473: =K473-M473+O473 -> 5.229
...

Sheet Lookup
A1: Max Sales | B1: Admin Rate
A2: 0 | B2: 0.1
A3: 20 | B3: 0.08
A4: 50 | B4: 0.05
A5: 100 | B5: 0.02

Sheet Analysis
A1: Analysis for Shooter
A3: No. of Sales | B3: =COUNTIF(Data!E:E,"Shooter") -> 76
A4: Total Sales | B4: =SUMIF(Data!E:E,"Shooter",Data!K:K) -> 692.12
A5: Net Total | B5: =SUMIF(Data!E:E,"Shooter",Data!P:P) -> 718.5108
A6: Q1 Total | B6: =SUMIF(Data!E:E,"Shooter",Data!G:G) -> 143.52
A7: Q2 Total | B7: =SUMIF(Data!E:E,"Shooter",Data!H:H) -> 12.34
A8: Q3 Total | B8: =SUMIF(Data!E:E,"Shooter",Data!I:I) -> 49.14
A9: Q4 Total | B9: =SUMIF(Data!E:E,"Shooter",Data!J:J) -> 487.12
A10: Number of Net Totals > £20 | B10: =COUNTIFS(Data!E:E,"Shooter",Data!P:P,">20") -> 8
