Workbook

Sheet Staff Data
A1: Company Employees
A3: No | B3: Surname | C3: First | D3: D.O.B. | E3: Department | F3: Ref No | G3: Age | H3: Absence
A4: 1 | B4: Borland | C4: James | D4: 23010 | E4: Administration | F4: AM/010 | G4: =DATEDIF(D4,TODAY(),"Y") -> 63 | H4: 0
A5: =A4+1 -> 2 | B5: Chapman | C5: Ian | D5: 18318 | E5: Finance | F5: F/018 | G5: =DATEDIF(D5,TODAY(),"Y") -> 76 | H5: 17
A6: =A5+1 -> 3 | B6: Chesterton | C6: Ian | D6: 20214 | E6: Training | F6: T/014 | G6: =DATEDIF(D6,TODAY(),"Y") -> 71 | H6: 0
A7: =A6+1 -> 4 | B7: Clarke | C7: Amy | D7: 24207 | E7: Advertising | F7: A/007 | G7: =DATEDIF(D7,TODAY(),"Y") -> 60 | H7: 0
A8: =A7+1 -> 5 | B8: Collins | C8: Paul | D8: 24532 | E8: Administration | F8: AM/032 | G8: =DATEDIF(D8,TODAY(),"Y") -> 59 | H8: 5
A9: =A8+1 -> 6 | B9: Gardner | C9: Peter | D9: 27360 | E9: Training | F9: T/060 | G9: =DATEDIF(D9,TODAY(),"Y") -> 51 | H9: 0
A10: =A9+1 -> 7 | B10: Leigh | C10: Clare | D10: 25001 | E10: Administration | F10: AM/001 | G10: =DATEDIF(D10,TODAY(),"Y") -> 57 | H10: 3
A11: =A10+1 -> 8 | B11: McMillan | C11: Rose | D11: 21840 | E11: Transport Pool | F11: TP/040 | G11: =DATEDIF(D11,TODAY(),"Y") -> 66 | H11: 1
A12: =A11+1 -> 9 | B12: Myers | C12: Anne | D12: 24485 | E12: Computer Services | F12: CS/085 | G12: =DATEDIF(D12,TODAY(),"Y") -> 59 | H12: 0
A13: =A12+1 -> 10 | B13: Parke | C13: Neil | D13: 16640 | E13: Training | F13: T/040 | G13: =DATEDIF(D13,TODAY(),"Y") -> 80 | H13: 1
A14: =A13+1 -> 11 | B14: Phillips | C14: Lee | D14: 20359 | E14: Personnel | F14: P/059 | G14: =DATEDIF(D14,TODAY(),"Y") -> 70 | H14: 2
A15: =A14+1 -> 12 | B15: Smith | C15: Christopher | D15: 15025 | E15: Finance | F15: F/025 | G15: =DATEDIF(D15,TODAY(),"Y") -> 85 | H15: 1
A16: =A15+1 -> 13 | B16: Smith | C16: James | D16: 23139 | E16: Production | F16: PD/039 | G16: =DATEDIF(D16,TODAY(),"Y") -> 63 | H16: 2
... A22: =A21+1 -> 19 | B22: Yates | C22: Zeta | D22: 28158 | E22: Personnel | F22: P/058 | G22: =DATEDIF(D22,TODAY(),"Y") -> 49 | H22: 0

Sheet Manpower by Dept
A1: Department | B1: Staff Count
A2: Administration | B2: 3
A3: Advertising | B3: 1
A4: Catering | B4: 1
A5: Computer Services | B5: 3
A6: Finance | B6: 2
A7: Personnel | B7: 2
A8: Production | B8: 2
A9: Training | B9: 4
A10: Transport Pool | B10: 1

Sheet Dept Pie Chart
A1: Department | B1: Count
A2: Training | B2: 4
A3: Catering | B3: 1
A4: Production | B4: 2
A5: Administration | B5: 3

Sheet Age Absences
A1: Age Group | B1: Total Absences
A2: Under 50 | B2: =SUMPRODUCT(('Staff Data'!G4:G23<50)*('Staff Data'!H4:H23)) -> 0
A3: 50-60 | B3: =SUMPRODUCT(('Staff Data'!G4:G23>=50)*('Staff Data'!G4:G23<=60)*('Staff Data'!H4:H23)) -> 19
A4: Over 60 | B4: =SUMPRODUCT(('Staff Data'!G4:G23>60)*('Staff Data'!H4:H23)) -> 30

Sheet Absence by Dept
A1: Department | B1: Absences
A2: Administration | B2: =SUMIF('Staff Data'!E:E,A2,'Staff Data'!H:H) -> 8
A3: Advertising | B3: =SUMIF('Staff Data'!E:E,A3,'Staff Data'!H:H) -> 0
A4: Catering | B4: =SUMIF('Staff Data'!E:E,A4,'Staff Data'!H:H) -> 0
A5: Computer Services | B5: =SUMIF('Staff Data'!E:E,A5,'Staff Data'!H:H) -> 9
A6: Finance | B6: =SUMIF('Staff Data'!E:E,A6,'Staff Data'!H:H) -> 18
A7: Personnel | B7: =SUMIF('Staff Data'!E:E,A7,'Staff Data'!H:H) -> 2
A8: Production | B8: =SUMIF('Staff Data'!E:E,A8,'Staff Data'!H:H) -> 6
A9: Training | B9: =SUMIF('Staff Data'!E:E,A9,'Staff Data'!H:H) -> 5
A10: Transport Pool | B10: =SUMIF('Staff Data'!E:E,A10,'Staff Data'!H:H) -> 1
